cluster,cluster_label,vulnerability_score,n_zcta,variable,cluster_median,display_label,theme,n_clusters_observed,median_center,median_sd,standardized_median,row_order,column_order
4,Hispanic / Younger / Low income,0.676160894660895,15,pct_black,0.08868077786803,Black (NH),Race/ethnicity,14,0.051070634539999424,0.050027846884292695,0.751784169624919,1,1
4,Hispanic / Younger / Low income,0.676160894660895,15,pct_hispanic,0.63850207554391,Hispanic,Race/ethnicity,14,0.35034315709737823,0.22226080297421477,1.2964900449854044,1,2
4,Hispanic / Younger / Low income,0.676160894660895,15,pct_white,0.144298106000318,White (NH),Race/ethnicity,14,0.35712144456335826,0.23067836106664166,-0.9225977572363487,1,3
4,Hispanic / Younger / Low income,0.676160894660895,15,pct_asian,0.0325437297801173,Asian (NH),Race/ethnicity,14,0.16036263703852552,0.15736555627614215,-0.8122419561375551,1,4
4,Hispanic / Younger / Low income,0.676160894660895,15,median_income,49853,Median income,Socioeconomic,14,68193.07142857143,19561.591850493012,-0.9375551626239051,1,5
4,Hispanic / Younger / Low income,0.676160894660895,15,education_low,0.27728006041259,Low education,Socioeconomic,14,0.15657958884775813,0.11385800060210807,1.0600965318777706,1,6
4,Hispanic / Younger / Low income,0.676160894660895,15,uninsured_rate,0.10393128510076,Uninsured,Socioeconomic,14,0.08327475359587691,0.038107418892367906,0.542060630325717,1,7
4,Hispanic / Younger / Low income,0.676160894660895,15,poverty_rate,0.19955038349643,Poverty,Socioeconomic,14,0.14442285783271225,0.060407781812764315,0.9125898023302219,1,8
4,Hispanic / Younger / Low income,0.676160894660895,15,unemployment_rate,0.090130457194972,Unemployment,Socioeconomic,14,0.06696040586499442,0.017169184022973683,1.349513832397292,1,9
4,Hispanic / Younger / Low income,0.676160894660895,15,pct_age17,0.298198671699556,Age <18,Household,14,0.1928420108318432,0.0645451732531949,1.6322934087483878,1,10
4,Hispanic / Younger / Low income,0.676160894660895,15,pct_age65,0.110199118407053,Age 65+,Household,14,0.1356715533325382,0.047705558667958094,-0.5339510873938051,1,11
4,Hispanic / Younger / Low income,0.676160894660895,15,disability_rate,0.122221572297613,Disability,Household,14,0.10367445532547415,0.03367173118128822,0.5508216038041345,1,12
4,Hispanic / Younger / Low income,0.676160894660895,15,elderly_alone_rate,0.189322787938705,Older adults alone,Household,14,0.24624007372913156,0.08536503061445375,-0.6667517762336456,1,13
4,Hispanic / Younger / Low income,0.676160894660895,15,language_isolation,0.117427024827945,Language isolation,Household,14,0.09839067894886971,0.07354021388233704,0.2588562756906456,1,14
4,Hispanic / Younger / Low income,0.676160894660895,15,no_phone_rate,0.0198359364137739,No phone,Household,14,0.017067492490141105,0.005222091766650528,0.530140803214664,1,15
4,Hispanic / Younger / Low income,0.676160894660895,15,alt_housing_rate,0.0559171913349696,Alternative housing,Housing,14,0.015799856769518,0.0245727352235202,1.6325954030161294,1,16
4,Hispanic / Younger / Low income,0.676160894660895,15,old_housing_rate,0.374030522892169,Pre-1980 housing,Housing,14,0.7109108994633893,0.14186395207651686,-2.374672153427093,1,17
4,Hispanic / Younger / Low income,0.676160894660895,15,renter_burden_rate,0.58716020821284,Rent burden,Housing,14,0.5409131604647176,0.04991350652506598,0.9265437547429703,1,18
4,Hispanic / Younger / Low income,0.676160894660895,15,housing_overcrowding,0.00795334040296925,Overcrowding,Housing,14,0.007272672234204457,0.007259237265016361,0.0937657971375397,1,19
4,Hispanic / Younger / Low income,0.676160894660895,15,outdoor_worker_rate,0.110715041999012,Outdoor-work proxy,Work,14,0.05629726624955125,0.02753968992836427,1.9759763414552325,1,20
1,Hispanic / Younger / Low income,0.752347423818012,51,pct_black,0.0577729573391179,Black (NH),Race/ethnicity,14,0.051070634539999424,0.050027846884292695,0.13397184201470827,2,1
1,Hispanic / Younger / Low income,0.752347423818012,51,pct_hispanic,0.729083552612964,Hispanic,Race/ethnicity,14,0.35034315709737823,0.22226080297421477,1.7040359363748214,2,2
1,Hispanic / Younger / Low income,0.752347423818012,51,pct_white,0.0369412201146115,White (NH),Race/ethnicity,14,0.35712144456335826,0.23067836106664166,-1.387994187960476,2,3
1,Hispanic / Younger / Low income,0.752347423818012,51,pct_asian,0.0270407565159626,Asian (NH),Race/ethnicity,14,0.16036263703852552,0.15736555627614215,-0.8472113191568563,2,4
1,Hispanic / Younger / Low income,0.752347423818012,51,median_income,42581,Median income,Socioeconomic,14,68193.07142857143,19561.591850493012,-1.3093040497072805,2,5
1,Hispanic / Younger / Low income,0.752347423818012,51,education_low,0.412262270351813,Low education,Socioeconomic,14,0.15657958884775813,0.11385800060210807,2.245627713045586,2,6
1,Hispanic / Younger / Low income,0.752347423818012,51,uninsured_rate,0.168045120693646,Uninsured,Socioeconomic,14,0.08327475359587691,0.038107418892367906,2.224510858035225,2,7
1,Hispanic / Younger / Low income,0.752347423818012,51,poverty_rate,0.243026883504812,Poverty,Socioeconomic,14,0.14442285783271225,0.060407781812764315,1.6323066782641649,2,8
1,Hispanic / Younger / Low income,0.752347423818012,51,unemployment_rate,0.0832364000324614,Unemployment,Socioeconomic,14,0.06696040586499442,0.017169184022973683,0.9479771517206902,2,9
1,Hispanic / Younger / Low income,0.752347423818012,51,pct_age17,0.261975383609314,Age <18,Household,14,0.1928420108318432,0.0645451732531949,1.0710850911543377,2,10
1,Hispanic / Younger / Low income,0.752347423818012,51,pct_age65,0.0927403659011288,Age 65+,Household,14,0.1356715533325382,0.047705558667958094,-0.8999200225328153,2,11
1,Hispanic / Younger / Low income,0.752347423818012,51,disability_rate,0.0971013302676959,Disability,Household,14,0.10367445532547415,0.03367173118128822,-0.195211972392765,2,12
1,Hispanic / Younger / Low income,0.752347423818012,51,elderly_alone_rate,0.212137780207764,Older adults alone,Household,14,0.24624007372913156,0.08536503061445375,-0.39948786143343185,2,13
1,Hispanic / Younger / Low income,0.752347423818012,51,language_isolation,0.228564326143491,Language isolation,Household,14,0.09839067894886971,0.07354021388233704,1.7701015583514168,2,14
1,Hispanic / Younger / Low income,0.752347423818012,51,no_phone_rate,0.0240405193322871,No phone,Household,14,0.017067492490141105,0.005222091766650528,1.335293815914408,2,15
1,Hispanic / Younger / Low income,0.752347423818012,51,alt_housing_rate,0.00455988925983226,Alternative housing,Housing,14,0.015799856769518,0.0245727352235202,-0.4574162138420479,2,16
1,Hispanic / Younger / Low income,0.752347423818012,51,old_housing_rate,0.817635817635818,Pre-1980 housing,Housing,14,0.7109108994633893,0.14186395207651686,0.7523047018658044,2,17
1,Hispanic / Younger / Low income,0.752347423818012,51,renter_burden_rate,0.606976019931486,Rent burden,Housing,14,0.5409131604647176,0.04991350652506598,1.323546752492582,2,18
1,Hispanic / Younger / Low income,0.752347423818012,51,housing_overcrowding,0.0254568809482104,Overcrowding,Housing,14,0.007272672234204457,0.007259237265016361,2.5049751165510306,2,19
1,Hispanic / Younger / Low income,0.752347423818012,51,outdoor_worker_rate,0.083031510322347,Outdoor-work proxy,Work,14,0.05629726624955125,0.02753968992836427,0.9707532707280425,2,20
3,Hispanic / Mid-low income,0.585511841100076,34,pct_black,0.0591300141909403,Black (NH),Race/ethnicity,14,0.051070634539999424,0.050027846884292695,0.16109787154304434,3,1
3,Hispanic / Mid-low income,0.585511841100076,34,pct_hispanic,0.475882620044695,Hispanic,Race/ethnicity,14,0.35034315709737823,0.22226080297421477,0.5648295212983687,3,2
3,Hispanic / Mid-low income,0.585511841100076,34,pct_white,0.241646672623105,White (NH),Race/ethnicity,14,0.35712144456335826,0.23067836106664166,-0.5005877942183458,3,3
3,Hispanic / Mid-low income,0.585511841100076,34,pct_asian,0.142585467214121,Asian (NH),Race/ethnicity,14,0.16036263703852552,0.15736555627614215,-0.11296734968616308,3,4
3,Hispanic / Mid-low income,0.585511841100076,34,median_income,60115,Median income,Socioeconomic,14,68193.07142857143,19561.591850493012,-0.4129557292837516,3,5
3,Hispanic / Mid-low income,0.585511841100076,34,education_low,0.215080028349927,Low education,Socioeconomic,14,0.15657958884775813,0.11385800060210807,0.5138017459713389,3,6
3,Hispanic / Mid-low income,0.585511841100076,34,uninsured_rate,0.114574874655665,Uninsured,Socioeconomic,14,0.08327475359587691,0.038107418892367906,0.8213655495323203,3,7
3,Hispanic / Mid-low income,0.585511841100076,34,poverty_rate,0.166845558074461,Poverty,Socioeconomic,14,0.14442285783271225,0.060407781812764315,0.3711889357442153,3,8
3,Hispanic / Mid-low income,0.585511841100076,34,unemployment_rate,0.0634939868571437,Unemployment,Socioeconomic,14,0.06696040586499442,0.017169184022973683,-0.20189771413786378,3,9
3,Hispanic / Mid-low income,0.585511841100076,34,pct_age17,0.216683431576451,Age <18,Household,14,0.1928420108318432,0.0645451732531949,0.3693757339698158,3,10
3,Hispanic / Mid-low income,0.585511841100076,34,pct_age65,0.119352414753211,Age 65+,Household,14,0.1356715533325382,0.047705558667958094,-0.34208044167163487,3,11
3,Hispanic / Mid-low income,0.585511841100076,34,disability_rate,0.0997708830882119,Disability,Household,14,0.10367445532547415,0.03367173118128822,-0.11593025069740125,3,12
3,Hispanic / Mid-low income,0.585511841100076,34,elderly_alone_rate,0.238590237136301,Older adults alone,Household,14,0.24624007372913156,0.08536503061445375,-0.08961323551069293,3,13
3,Hispanic / Mid-low income,0.585511841100076,34,language_isolation,0.127909545284795,Language isolation,Household,14,0.09839067894886971,0.07354021388233704,0.40139761332697405,3,14
3,Hispanic / Mid-low income,0.585511841100076,34,no_phone_rate,0.021218936023847,No phone,Household,14,0.017067492490141105,0.005222091766650528,0.7949771316195484,3,15
3,Hispanic / Mid-low income,0.585511841100076,34,alt_housing_rate,0.0051481639252387,Alternative housing,Housing,14,0.015799856769518,0.0245727352235202,-0.4334760761221183,3,16
3,Hispanic / Mid-low income,0.585511841100076,34,old_housing_rate,0.757243766542156,Pre-1980 housing,Housing,14,0.7109108994633893,0.14186395207651686,0.3266007072309409,3,17
3,Hispanic / Mid-low income,0.585511841100076,34,renter_burden_rate,0.577984872281489,Rent burden,Housing,14,0.5409131604647176,0.04991350652506598,0.7427190433546158,3,18
3,Hispanic / Mid-low income,0.585511841100076,34,housing_overcrowding,0.0113218507879072,Overcrowding,Housing,14,0.007272672234204457,0.007259237265016361,0.557796694869928,3,19
3,Hispanic / Mid-low income,0.585511841100076,34,outdoor_worker_rate,0.06345540140562,Outdoor-work proxy,Work,14,0.05629726624955125,0.02753968992836427,0.2599206880937425,3,20
13,Hispanic / Mid-low income,0.676978810663021,19,pct_black,0.0149146802136251,Black (NH),Race/ethnicity,14,0.051070634539999424,0.050027846884292695,-0.722716578428768,4,1
13,Hispanic / Mid-low income,0.676978810663021,19,pct_hispanic,0.752703899003118,Hispanic,Race/ethnicity,14,0.35034315709737823,0.22226080297421477,1.810309044696554,4,2
13,Hispanic / Mid-low income,0.676978810663021,19,pct_white,0.0716083384776105,White (NH),Race/ethnicity,14,0.35712144456335826,0.23067836106664166,-1.2377108315038907,4,3
13,Hispanic / Mid-low income,0.676978810663021,19,pct_asian,0.11177663993817,Asian (NH),Race/ethnicity,14,0.16036263703852552,0.15736555627614215,-0.30874607029696965,4,4
13,Hispanic / Mid-low income,0.676978810663021,19,median_income,60360,Median income,Socioeconomic,14,68193.07142857143,19561.591850493012,-0.40043118619582163,4,5
13,Hispanic / Mid-low income,0.676978810663021,19,education_low,0.287253782472167,Low education,Socioeconomic,14,0.15657958884775813,0.11385800060210807,1.147694434588459,4,6
13,Hispanic / Mid-low income,0.676978810663021,19,uninsured_rate,0.131468754266988,Uninsured,Socioeconomic,14,0.08327475359587691,0.038107418892367906,1.264688138738342,4,7
13,Hispanic / Mid-low income,0.676978810663021,19,poverty_rate,0.141281548922439,Poverty,Socioeconomic,14,0.14442285783271225,0.060407781812764315,-0.052001725870515055,4,8
13,Hispanic / Mid-low income,0.676978810663021,19,unemployment_rate,0.0620253898324735,Unemployment,Socioeconomic,14,0.06696040586499442,0.017169184022973683,-0.28743451208382964,4,9
13,Hispanic / Mid-low income,0.676978810663021,19,pct_age17,0.239444209229822,Age <18,Household,14,0.1928420108318432,0.0645451732531949,0.7220090372237408,4,10
13,Hispanic / Mid-low income,0.676978810663021,19,pct_age65,0.115238058581271,Age 65+,Household,14,0.1356715533325382,0.047705558667958094,-0.42832523759944047,4,11
13,Hispanic / Mid-low income,0.676978810663021,19,disability_rate,0.099601869962684,Disability,Household,14,0.10367445532547415,0.03367173118128822,-0.12094968746523295,4,12
13,Hispanic / Mid-low income,0.676978810663021,19,elderly_alone_rate,0.152851063829787,Older adults alone,Household,14,0.24624007372913156,0.08536503061445375,-1.093996092160157,4,13
13,Hispanic / Mid-low income,0.676978810663021,19,language_isolation,0.181108243922314,Language isolation,Household,14,0.09839067894886971,0.07354021388233704,1.124793641554957,4,14
13,Hispanic / Mid-low income,0.676978810663021,19,no_phone_rate,0.015742718992466,No phone,Household,14,0.017067492490141105,0.005222091766650528,-0.25368636877187994,4,15
13,Hispanic / Mid-low income,0.676978810663021,19,alt_housing_rate,0.0175943810359965,Alternative housing,Housing,14,0.015799856769518,0.0245727352235202,0.07302908081477404,4,16
13,Hispanic / Mid-low income,0.676978810663021,19,old_housing_rate,0.839261529688502,Pre-1980 housing,Housing,14,0.7109108994633893,0.14186395207651686,0.9047444988412878,4,17
13,Hispanic / Mid-low income,0.676978810663021,19,renter_burden_rate,0.5586919635971,Rent burden,Housing,14,0.5409131604647176,0.04991350652506598,0.3561922287197783,4,18
13,Hispanic / Mid-low income,0.676978810663021,19,housing_overcrowding,0.0192053709002862,Overcrowding,Housing,14,0.007272672234204457,0.007259237265016361,1.643795102770325,4,19
13,Hispanic / Mid-low income,0.676978810663021,19,outdoor_worker_rate,0.0802162693536495,Outdoor-work proxy,Work,14,0.05629726624955125,0.02753968992836427,0.8685284099536312,4,20
5,White / Older / Mid-low income,0.472876382876383,9,pct_black,0.0125391849529781,Black (NH),Race/ethnicity,14,0.051070634539999424,0.050027846884292695,-0.7702000383134435,5,1
5,White / Older / Mid-low income,0.472876382876383,9,pct_hispanic,0.238618274434893,Hispanic,Race/ethnicity,14,0.35034315709737823,0.22226080297421477,-0.5026747009253215,5,2
5,White / Older / Mid-low income,0.472876382876383,9,pct_white,0.672239637756879,White (NH),Race/ethnicity,14,0.35712144456335826,0.23067836106664166,1.3660500782840437,5,3
5,White / Older / Mid-low income,0.472876382876383,9,pct_asian,0.0107976314872867,Asian (NH),Race/ethnicity,14,0.16036263703852552,0.15736555627614215,-0.9504303806405063,5,4
5,White / Older / Mid-low income,0.472876382876383,9,median_income,57833,Median income,Socioeconomic,14,68193.07142857143,19561.591850493012,-0.5296129020456138,5,5
5,White / Older / Mid-low income,0.472876382876383,9,education_low,0.122802850356295,Low education,Socioeconomic,14,0.15657958884775813,0.11385800060210807,-0.2966566979293835,5,6
5,White / Older / Mid-low income,0.472876382876383,9,uninsured_rate,0.0614011720831113,Uninsured,Socioeconomic,14,0.08327475359587691,0.038107418892367906,-0.5739979811948486,5,7
5,White / Older / Mid-low income,0.472876382876383,9,poverty_rate,0.139469226425748,Poverty,Socioeconomic,14,0.14442285783271225,0.060407781812764315,-0.08200319989100377,5,8
5,White / Older / Mid-low income,0.472876382876383,9,unemployment_rate,0.0626029654036244,Unemployment,Socioeconomic,14,0.06696040586499442,0.017169184022973683,-0.2537942662586318,5,9
5,White / Older / Mid-low income,0.472876382876383,9,pct_age17,0.208978328173375,Age <18,Household,14,0.1928420108318432,0.0645451732531949,0.25000037227002186,5,10
5,White / Older / Mid-low income,0.472876382876383,9,pct_age65,0.172134551495017,Age 65+,Household,14,0.1356715533325382,0.047705558667958094,0.7643343706814094,5,11
5,White / Older / Mid-low income,0.472876382876383,9,disability_rate,0.1717605858007,Disability,Household,14,0.10367445532547415,0.03367173118128822,2.0220561309619307,5,12
5,White / Older / Mid-low income,0.472876382876383,9,elderly_alone_rate,0.260554885404101,Older adults alone,Household,14,0.24624007372913156,0.08536503061445375,0.1676894106630319,5,13
5,White / Older / Mid-low income,0.472876382876383,9,language_isolation,0.0221870047543582,Language isolation,Household,14,0.09839067894886971,0.07354021388233704,-1.036217739540926,5,14
5,White / Older / Mid-low income,0.472876382876383,9,no_phone_rate,0.00734618916437098,No phone,Household,14,0.017067492490141105,0.005222091766650528,-1.8615726724399198,5,15
5,White / Older / Mid-low income,0.472876382876383,9,alt_housing_rate,0.0834487534626039,Alternative housing,Housing,14,0.015799856769518,0.0245727352235202,2.753006373842121,5,16
5,White / Older / Mid-low income,0.472876382876383,9,old_housing_rate,0.487993487993488,Pre-1980 housing,Housing,14,0.7109108994633893,0.14186395207651686,-1.5713464076460153,5,17
5,White / Older / Mid-low income,0.472876382876383,9,renter_burden_rate,0.515859766277129,Rent burden,Housing,14,0.5409131604647176,0.04991350652506598,-0.5019361678187655,5,18
5,White / Older / Mid-low income,0.472876382876383,9,housing_overcrowding,0,Overcrowding,Housing,14,0.007272672234204457,0.007259237265016361,-1.0018507411588324,5,19
5,White / Older / Mid-low income,0.472876382876383,9,outdoor_worker_rate,0.0905096660808436,Outdoor-work proxy,Work,14,0.05629726624955125,0.02753968992836427,1.2422943003456104,5,20
10,Asian / Older / Mid-low income,0.540344967532468,8,pct_black,0.00555714840376822,Black (NH),Race/ethnicity,14,0.051070634539999424,0.050027846884292695,-0.9097630414016704,6,1
10,Asian / Older / Mid-low income,0.540344967532468,8,pct_hispanic,0.288105309344905,Hispanic,Race/ethnicity,14,0.35034315709737823,0.22226080297421477,-0.28002169937131755,6,2
10,Asian / Older / Mid-low income,0.540344967532468,8,pct_white,0.0798932095216068,White (NH),Race/ethnicity,14,0.35712144456335826,0.23067836106664166,-1.201795581344805,6,3
10,Asian / Older / Mid-low income,0.540344967532468,8,pct_asian,0.61274714742483,Asian (NH),Race/ethnicity,14,0.16036263703852552,0.15736555627614215,2.8747365121784885,6,4
10,Asian / Older / Mid-low income,0.540344967532468,8,median_income,58046.5,Median income,Socioeconomic,14,68193.07142857143,19561.591850493012,-0.5186986573547034,6,5
10,Asian / Older / Mid-low income,0.540344967532468,8,education_low,0.198438555215788,Low education,Socioeconomic,14,0.15657958884775813,0.11385800060210807,0.36764185341978367,6,6
10,Asian / Older / Mid-low income,0.540344967532468,8,uninsured_rate,0.0789679779525164,Uninsured,Socioeconomic,14,0.08327475359587691,0.038107418892367906,-0.113016724001296,6,7
10,Asian / Older / Mid-low income,0.540344967532468,8,poverty_rate,0.136778748706412,Poverty,Socioeconomic,14,0.14442285783271225,0.060407781812764315,-0.12654179473090732,6,8
10,Asian / Older / Mid-low income,0.540344967532468,8,unemployment_rate,0.0506456297452991,Unemployment,Socioeconomic,14,0.06696040586499442,0.017169184022973683,-0.9502359633320318,6,9
10,Asian / Older / Mid-low income,0.540344967532468,8,pct_age17,0.178441673658017,Age <18,Household,14,0.1928420108318432,0.0645451732531949,-0.22310478767075612,6,10
10,Asian / Older / Mid-low income,0.540344967532468,8,pct_age65,0.170857560531321,Age 65+,Household,14,0.1356715533325382,0.047705558667958094,0.7375661910530322,6,11
10,Asian / Older / Mid-low income,0.540344967532468,8,disability_rate,0.0894114415374854,Disability,Household,14,0.10367445532547415,0.03367173118128822,-0.4235901537463828,6,12
10,Asian / Older / Mid-low income,0.540344967532468,8,elderly_alone_rate,0.137417226179459,Older adults alone,Household,14,0.24624007372913156,0.08536503061445375,-1.2747942192062778,6,13
10,Asian / Older / Mid-low income,0.540344967532468,8,language_isolation,0.232122286840944,Language isolation,Household,14,0.09839067894886971,0.07354021388233704,1.818482716218943,6,14
10,Asian / Older / Mid-low income,0.540344967532468,8,no_phone_rate,0.0194555878755331,No phone,Household,14,0.017067492490141105,0.005222091766650528,0.4573062849341176,6,15
10,Asian / Older / Mid-low income,0.540344967532468,8,alt_housing_rate,0.00434909605810197,Alternative housing,Housing,14,0.015799856769518,0.0245727352235202,-0.4659945507594834,6,16
10,Asian / Older / Mid-low income,0.540344967532468,8,old_housing_rate,0.748120108744698,Pre-1980 housing,Housing,14,0.7109108994633893,0.14186395207651686,0.2622879789873563,6,17
10,Asian / Older / Mid-low income,0.540344967532468,8,renter_burden_rate,0.567858619267666,Rent burden,Housing,14,0.5409131604647176,0.04991350652506598,0.5398430340576595,6,18
10,Asian / Older / Mid-low income,0.540344967532468,8,housing_overcrowding,0.00389644059246162,Overcrowding,Housing,14,0.007272672234204457,0.007259237265016361,-0.46509454347408324,6,19
10,Asian / Older / Mid-low income,0.540344967532468,8,outdoor_worker_rate,0.0466770198486343,Outdoor-work proxy,Work,14,0.05629726624955125,0.02753968992836427,-0.3493229744394711,6,20
6,White / Older / High income,0.249322991822992,45,pct_black,0.0195966359108353,Black (NH),Race/ethnicity,14,0.051070634539999424,0.050027846884292695,-0.6291295866072153,7,1
6,White / Older / High income,0.249322991822992,45,pct_hispanic,0.0954323255596724,Hispanic,Race/ethnicity,14,0.35034315709737823,0.22226080297421477,-1.1468996247947458,7,2
6,White / Older / High income,0.249322991822992,45,pct_white,0.711632576232903,White (NH),Race/ethnicity,14,0.35712144456335826,0.23067836106664166,1.5368200555540121,7,3
6,White / Older / High income,0.249322991822992,45,pct_asian,0.0806737864682256,Asian (NH),Race/ethnicity,14,0.16036263703852552,0.15736555627614215,-0.5063932187960077,7,4
6,White / Older / High income,0.249322991822992,45,median_income,103278,Median income,Socioeconomic,14,68193.07142857143,19561.591850493012,1.7935620393053195,7,5
6,White / Older / High income,0.249322991822992,45,education_low,0.0314042553191489,Low education,Socioeconomic,14,0.15657958884775813,0.11385800060210807,-1.0993986620760283,7,6
6,White / Older / High income,0.249322991822992,45,uninsured_rate,0.0402250476232667,Uninsured,Socioeconomic,14,0.08327475359587691,0.038107418892367906,-1.1296935668669004,7,7
6,White / Older / High income,0.249322991822992,45,poverty_rate,0.0699300699300699,Poverty,Socioeconomic,14,0.14442285783271225,0.060407781812764315,-1.233165424506646,7,8
6,White / Older / High income,0.249322991822992,45,unemployment_rate,0.0523255813953488,Unemployment,Socioeconomic,14,0.06696040586499442,0.017169184022973683,-0.8523890506423083,7,9
6,White / Older / High income,0.249322991822992,45,pct_age17,0.175703387745058,Age <18,Household,14,0.1928420108318432,0.0645451732531949,-0.26552912050533334,7,10
6,White / Older / High income,0.249322991822992,45,pct_age65,0.173154307300649,Age 65+,Household,14,0.1356715533325382,0.047705558667958094,0.7857104080679487,7,11
6,White / Older / High income,0.249322991822992,45,disability_rate,0.0812000987735616,Disability,Household,14,0.10367445532547415,0.03367173118128822,-0.6674547391374345,7,12
6,White / Older / High income,0.249322991822992,45,elderly_alone_rate,0.282804358124112,Older adults alone,Household,14,0.24624007372913156,0.08536503061445375,0.4283286040172691,7,13
6,White / Older / High income,0.249322991822992,45,language_isolation,0.0221505677835413,Language isolation,Household,14,0.09839067894886971,0.07354021388233704,-1.0367132095551308,7,14
6,White / Older / High income,0.249322991822992,45,no_phone_rate,0.0115316901408451,No phone,Household,14,0.017067492490141105,0.005222091766650528,-1.0600737399233204,7,15
6,White / Older / High income,0.249322991822992,45,alt_housing_rate,0.00159721213881226,Alternative housing,Housing,14,0.015799856769518,0.0245727352235202,-0.5779838712098864,7,16
6,White / Older / High income,0.249322991822992,45,old_housing_rate,0.76294872914665,Pre-1980 housing,Housing,14,0.7109108994633893,0.14186395207651686,0.3668150289172349,7,17
6,White / Older / High income,0.249322991822992,45,renter_burden_rate,0.454779727573935,Rent burden,Housing,14,0.5409131604647176,0.04991350652506598,-1.7256538137132766,7,18
6,White / Older / High income,0.249322991822992,45,housing_overcrowding,7.9904115061925e-4,Overcrowding,Housing,14,0.007272672234204457,0.007259237265016361,-0.8917784124212141,7,19
6,White / Older / High income,0.249322991822992,45,outdoor_worker_rate,0.0313296903460838,Outdoor-work proxy,Work,14,0.05629726624955125,0.02753968992836427,-0.9066033774676711,7,20
14,Asian & White / Older / High income,0.339931129476584,22,pct_black,0.0263023193544353,Black (NH),Race/ethnicity,14,0.051070634539999424,0.050027846884292695,-0.4950905691154312,8,1
14,Asian & White / Older / High income,0.339931129476584,22,pct_hispanic,0.144303611825554,Hispanic,Race/ethnicity,14,0.35034315709737823,0.22226080297421477,-0.9270170111629065,8,2
14,Asian & White / Older / High income,0.339931129476584,22,pct_white,0.405925255480775,White (NH),Race/ethnicity,14,0.35712144456335826,0.23067836106664166,0.21156648890581295,8,3
14,Asian & White / Older / High income,0.339931129476584,22,pct_asian,0.339593975194936,Asian (NH),Race/ethnicity,14,0.16036263703852552,0.15736555627614215,1.1389489695057453,8,4
14,Asian & White / Older / High income,0.339931129476584,22,median_income,99487,Median income,Socioeconomic,14,68193.07142857143,19561.591850493012,1.599763905238615,8,5
14,Asian & White / Older / High income,0.339931129476584,22,education_low,0.0688446824218759,Low education,Socioeconomic,14,0.15657958884775813,0.11385800060210807,-0.7705642639245311,8,6
14,Asian & White / Older / High income,0.339931129476584,22,uninsured_rate,0.0489927455237846,Uninsured,Socioeconomic,14,0.08327475359587691,0.038107418892367906,-0.899615063642063,8,7
14,Asian & White / Older / High income,0.339931129476584,22,poverty_rate,0.0649901662501183,Poverty,Socioeconomic,14,0.14442285783271225,0.060407781812764315,-1.314941373427647,8,8
14,Asian & White / Older / High income,0.339931129476584,22,unemployment_rate,0.0450190998956972,Unemployment,Socioeconomic,14,0.06696040586499442,0.017169184022973683,-1.2779469274683106,8,9
14,Asian & White / Older / High income,0.339931129476584,22,pct_age17,0.211965919374101,Age <18,Household,14,0.1928420108318432,0.0645451732531949,0.2962871982268818,8,10
14,Asian & White / Older / High income,0.339931129476584,22,pct_age65,0.178785645483109,Age 65+,Household,14,0.1356715533325382,0.047705558667958094,0.9037540562234061,8,11
14,Asian & White / Older / High income,0.339931129476584,22,disability_rate,0.0866599159880707,Disability,Household,14,0.10367445532547415,0.03367173118128822,-0.505306342753729,8,12
14,Asian & White / Older / High income,0.339931129476584,22,elderly_alone_rate,0.173755064300444,Older adults alone,Household,14,0.24624007372913156,0.08536503061445375,-0.8491182971170239,8,13
14,Asian & White / Older / High income,0.339931129476584,22,language_isolation,0.064501180701802,Language isolation,Household,14,0.09839067894886971,0.07354021388233704,-0.46082947625485937,8,14
14,Asian & White / Older / High income,0.339931129476584,22,no_phone_rate,0.0106334907812761,No phone,Household,14,0.017067492490141105,0.005222091766650528,-1.232073658673333,8,15
14,Asian & White / Older / High income,0.339931129476584,22,alt_housing_rate,0.001527279351664,Alternative housing,Housing,14,0.015799856769518,0.0245727352235202,-0.580829821671328,8,16
14,Asian & White / Older / High income,0.339931129476584,22,old_housing_rate,0.807462092277626,Pre-1980 housing,Housing,14,0.7109108994633893,0.14186395207651686,0.6805900399712544,8,17
14,Asian & White / Older / High income,0.339931129476584,22,renter_burden_rate,0.496211524823849,Rent burden,Housing,14,0.5409131604647176,0.04991350652506598,-0.8955819527209525,8,18
14,Asian & White / Older / High income,0.339931129476584,22,housing_overcrowding,0.00278529311011482,Overcrowding,Housing,14,0.007272672234204457,0.007259237265016361,-0.6181612420515813,8,19
14,Asian & White / Older / High income,0.339931129476584,22,outdoor_worker_rate,0.037524896775596,Outdoor-work proxy,Work,14,0.05629726624955125,0.02753968992836427,-0.6816478153089448,8,20
9,White / High income,0.383938738029647,33,pct_black,0.0424542305789213,Black (NH),Race/ethnicity,14,0.051070634539999424,0.050027846884292695,-0.17223215664281216,9,1
9,White / High income,0.383938738029647,33,pct_hispanic,0.260390895596239,Hispanic,Race/ethnicity,14,0.35034315709737823,0.22226080297421477,-0.40471491282956845,9,2
9,White / High income,0.383938738029647,33,pct_white,0.505410137835047,White (NH),Race/ethnicity,14,0.35712144456335826,0.23067836106664166,0.6428374667914731,9,3
9,White / High income,0.383938738029647,33,pct_asian,0.117855545232442,Asian (NH),Race/ethnicity,14,0.16036263703852552,0.15736555627614215,-0.2701168718998004,9,4
9,White / High income,0.383938738029647,33,median_income,92500,Median income,Socioeconomic,14,68193.07142857143,19561.591850493012,1.2425843846044644,9,5
9,White / High income,0.383938738029647,33,education_low,0.0749284602640695,Low education,Socioeconomic,14,0.15657958884775813,0.11385800060210807,-0.7171312349760063,9,6
9,White / High income,0.383938738029647,33,uninsured_rate,0.0479429971627547,Uninsured,Socioeconomic,14,0.08327475359587691,0.038107418892367906,-0.9271621500504826,9,7
9,White / High income,0.383938738029647,33,poverty_rate,0.0737955582293077,Poverty,Socioeconomic,14,0.14442285783271225,0.060407781812764315,-1.1691755181859835,9,8
9,White / High income,0.383938738029647,33,unemployment_rate,0.050088333442387,Unemployment,Socioeconomic,14,0.06696040586499442,0.017169184022973683,-0.9826950657661598,9,9
9,White / High income,0.383938738029647,33,pct_age17,0.206893552875696,Age <18,Household,14,0.1928420108318432,0.0645451732531949,0.2177008959094745,9,10
9,White / High income,0.383938738029647,33,pct_age65,0.155451261100044,Age 65+,Household,14,0.1356715533325382,0.047705558667958094,0.41462060857891286,9,11
9,White / High income,0.383938738029647,33,disability_rate,0.101689885906737,Disability,Household,14,0.10367445532547415,0.03367173118128822,-0.058938740275997346,9,12
9,White / High income,0.383938738029647,33,elderly_alone_rate,0.210863438380733,Older adults alone,Household,14,0.24624007372913156,0.08536503061445375,-0.41441600962079095,9,13
9,White / High income,0.383938738029647,33,language_isolation,0.0310220594749432,Language isolation,Household,14,0.09839067894886971,0.07354021388233704,-0.9160786448311808,9,14
9,White / High income,0.383938738029647,33,no_phone_rate,0.015378221113882,No phone,Household,14,0.017067492490141105,0.005222091766650528,-0.32348557852758886,9,15
9,White / High income,0.383938738029647,33,alt_housing_rate,0.0185050269561416,Alternative housing,Housing,14,0.015799856769518,0.0245727352235202,0.11008828126037444,9,16
9,White / High income,0.383938738029647,33,old_housing_rate,0.768569866437554,Pre-1980 housing,Housing,14,0.7109108994633893,0.14186395207651686,0.40643846537607614,9,17
9,White / High income,0.383938738029647,33,renter_burden_rate,0.48833746898263,Rent burden,Housing,14,0.5409131604647176,0.04991350652506598,-1.0533359633966957,9,18
9,White / High income,0.383938738029647,33,housing_overcrowding,0.00189859280768372,Overcrowding,Housing,14,0.007272672234204457,0.007259237265016361,-0.7403091027785307,9,19
9,White / High income,0.383938738029647,33,outdoor_worker_rate,0.0540673142969287,Outdoor-work proxy,Work,14,0.05629726624955125,0.02753968992836427,-0.08097229701652636,9,20
11,Hispanic / Mid-high income,0.507427601134498,29,pct_black,0.0297494780793319,Black (NH),Race/ethnicity,14,0.051070634539999424,0.050027846884292695,-0.4261857702966975,10,1
11,Hispanic / Mid-high income,0.507427601134498,29,pct_hispanic,0.447777231978386,Hispanic,Race/ethnicity,14,0.35034315709737823,0.22226080297421477,0.43837722881038726,10,2
11,Hispanic / Mid-high income,0.507427601134498,29,pct_white,0.22082119205298,White (NH),Race/ethnicity,14,0.35712144456335826,0.23067836106664166,-0.5908670925184955,10,3
11,Hispanic / Mid-high income,0.507427601134498,29,pct_asian,0.150934468890466,Asian (NH),Race/ethnicity,14,0.16036263703852552,0.15736555627614215,-0.05991252705588985,10,4
11,Hispanic / Mid-high income,0.507427601134498,29,median_income,79500,Median income,Socioeconomic,14,68193.07142857143,19561.591850493012,0.5780167921836891,10,5
11,Hispanic / Mid-high income,0.507427601134498,29,education_low,0.145054849001355,Low education,Socioeconomic,14,0.15657958884775813,0.11385800060210807,-0.10122029005829689,10,6
11,Hispanic / Mid-high income,0.507427601134498,29,uninsured_rate,0.0775989957777017,Uninsured,Socioeconomic,14,0.08327475359587691,0.038107418892367906,-0.14894101944311802,10,7
11,Hispanic / Mid-high income,0.507427601134498,29,poverty_rate,0.0961526623576485,Poverty,Socioeconomic,14,0.14442285783271225,0.060407781812764315,-0.7990724709057955,10,8
11,Hispanic / Mid-high income,0.507427601134498,29,unemployment_rate,0.0662214562688496,Unemployment,Socioeconomic,14,0.06696040586499442,0.017169184022973683,-0.043039296169000194,10,9
11,Hispanic / Mid-high income,0.507427601134498,29,pct_age17,0.216771273643312,Age <18,Household,14,0.1928420108318432,0.0645451732531949,0.3707366733310971,10,10
11,Hispanic / Mid-high income,0.507427601134498,29,pct_age65,0.144095916471265,Age 65+,Household,14,0.1356715533325382,0.047705558667958094,0.1765908077371517,10,11
11,Hispanic / Mid-high income,0.507427601134498,29,disability_rate,0.100092181705147,Disability,Household,14,0.10367445532547415,0.03367173118128822,-0.10638816284913381,10,12
11,Hispanic / Mid-high income,0.507427601134498,29,elderly_alone_rate,0.18994928538497,Older adults alone,Household,14,0.24624007372913156,0.08536503061445375,-0.6594127353903928,10,13
11,Hispanic / Mid-high income,0.507427601134498,29,language_isolation,0.0941413170775652,Language isolation,Household,14,0.09839067894886971,0.07354021388233704,-0.057782832643149595,10,14
11,Hispanic / Mid-high income,0.507427601134498,29,no_phone_rate,0.0143915244702794,No phone,Household,14,0.017067492490141105,0.005222091766650528,-0.5124322090529027,10,15
11,Hispanic / Mid-high income,0.507427601134498,29,alt_housing_rate,0.0227998678268532,Alternative housing,Housing,14,0.015799856769518,0.0245727352235202,0.28486902225825567,10,16
11,Hispanic / Mid-high income,0.507427601134498,29,old_housing_rate,0.785401065911084,Pre-1980 housing,Housing,14,0.7109108994633893,0.14186395207651686,0.5250817093232901,10,17
11,Hispanic / Mid-high income,0.507427601134498,29,renter_burden_rate,0.520402611534276,Rent burden,Housing,14,0.5409131604647176,0.04991350652506598,-0.4109218197311266,10,18
11,Hispanic / Mid-high income,0.507427601134498,29,housing_overcrowding,0.00619469026548673,Overcrowding,Housing,14,0.007272672234204457,0.007259237265016361,-0.14849796602085544,10,19
11,Hispanic / Mid-high income,0.507427601134498,29,outdoor_worker_rate,0.0622792022792023,Outdoor-work proxy,Work,14,0.05629726624955125,0.02753968992836427,0.2172114517342478,10,20
12,White / Mid-high income,0.369262101534829,11,pct_black,0.055593451568895,Black (NH),Race/ethnicity,14,0.051070634539999424,0.050027846884292695,0.09040599007501186,11,1
12,White / Mid-high income,0.369262101534829,11,pct_hispanic,0.282352425610237,Hispanic,Race/ethnicity,14,0.35034315709737823,0.22226080297421477,-0.3059051824582361,11,2
12,White / Mid-high income,0.369262101534829,11,pct_white,0.415349311575727,White (NH),Race/ethnicity,14,0.35712144456335826,0.23067836106664166,0.2524201522116202,11,3
12,White / Mid-high income,0.369262101534829,11,pct_asian,0.16438968097383,Asian (NH),Race/ethnicity,14,0.16036263703852552,0.15736555627614215,0.025590377148592153,11,4
12,White / Mid-high income,0.369262101534829,11,median_income,75825,Median income,Socioeconomic,14,68193.07142857143,19561.591850493012,0.39014864586473913,11,5
12,White / Mid-high income,0.369262101534829,11,education_low,0.0863870180834703,Low education,Socioeconomic,14,0.15657958884775813,0.11385800060210807,-0.6164922130468908,11,6
12,White / Mid-high income,0.369262101534829,11,uninsured_rate,0.0721653798673446,Uninsured,Socioeconomic,14,0.08327475359587691,0.038107418892367906,-0.29152784553343963,11,7
12,White / Mid-high income,0.369262101534829,11,poverty_rate,0.112133982022391,Poverty,Socioeconomic,14,0.14442285783271225,0.060407781812764315,-0.5345151707507083,11,8
12,White / Mid-high income,0.369262101534829,11,unemployment_rate,0.050748414112059,Unemployment,Socioeconomic,14,0.06696040586499442,0.017169184022973683,-0.9442494023736095,11,9
12,White / Mid-high income,0.369262101534829,11,pct_age17,0.161926464788115,Age <18,Household,14,0.1928420108318432,0.0645451732531949,-0.4789753359628316,11,10
12,White / Mid-high income,0.369262101534829,11,pct_age65,0.137721691678035,Age 65+,Household,14,0.1356715533325382,0.047705558667958094,0.042974831502681894,11,11
12,White / Mid-high income,0.369262101534829,11,disability_rate,0.0912642045454545,Disability,Household,14,0.10367445532547415,0.03367173118128822,-0.36856586651880163,11,12
12,White / Mid-high income,0.369262101534829,11,elderly_alone_rate,0.319633259563705,Older adults alone,Household,14,0.24624007372913156,0.08536503061445375,0.8597570375866145,11,13
12,White / Mid-high income,0.369262101534829,11,language_isolation,0.0578382064615122,Language isolation,Household,14,0.09839067894886971,0.07354021388233704,-0.5514326155243539,11,14
12,White / Mid-high income,0.369262101534829,11,no_phone_rate,0.0184573625876499,No phone,Household,14,0.017067492490141105,0.005222091766650528,0.26615198652479116,11,15
12,White / Mid-high income,0.369262101534829,11,alt_housing_rate,0.00273707937530188,Alternative housing,Housing,14,0.015799856769518,0.0245727352235202,-0.5315963923182986,11,16
12,White / Mid-high income,0.369262101534829,11,old_housing_rate,0.742638122838179,Pre-1980 housing,Housing,14,0.7109108994633893,0.14186395207651686,0.22364542161970138,11,17
12,White / Mid-high income,0.369262101534829,11,renter_burden_rate,0.468323586744639,Rent burden,Housing,14,0.5409131604647176,0.04991350652506598,-1.4543072361310658,11,18
12,White / Mid-high income,0.369262101534829,11,housing_overcrowding,0.00786063309963884,Overcrowding,Housing,14,0.007272672234204457,0.007259237265016361,0.08099485441368298,11,19
12,White / Mid-high income,0.369262101534829,11,outdoor_worker_rate,0.0276005888125613,Outdoor-work proxy,Work,14,0.05629726624955125,0.02753968992836427,-1.0420116388977225,11,20
2,White / Mid-low income,0.383901515151515,14,pct_black,0.0300839694003905,Black (NH),Race/ethnicity,14,0.051070634539999424,0.050027846884292695,-0.4194996676180788,12,1
2,White / Mid-low income,0.383901515151515,14,pct_hispanic,0.154306855550645,Hispanic,Race/ethnicity,14,0.35034315709737823,0.22226080297421477,-0.8820102281798923,12,2
2,White / Mid-low income,0.383901515151515,14,pct_white,0.663516946847642,White (NH),Race/ethnicity,14,0.35712144456335826,0.23067836106664166,1.3282368613489837,12,3
2,White / Mid-low income,0.383901515151515,14,pct_asian,0.0853563333538669,Asian (NH),Race/ethnicity,14,0.16036263703852552,0.15736555627614215,-0.4766373624545828,12,4
2,White / Mid-low income,0.383901515151515,14,median_income,68996.5,Median income,Socioeconomic,14,68193.07142857143,19561.591850493012,0.0410717377997188,12,5
2,White / Mid-low income,0.383901515151515,14,education_low,0.0874429127614581,Low education,Socioeconomic,14,0.15657958884775813,0.11385800060210807,-0.6072184275210254,12,6
2,White / Mid-low income,0.383901515151515,14,uninsured_rate,0.0806813574157684,Uninsured,Socioeconomic,14,0.08327475359587691,0.038107418892367906,-0.06805488945429233,12,7
2,White / Mid-low income,0.383901515151515,14,poverty_rate,0.124960953588969,Poverty,Socioeconomic,14,0.14442285783271225,0.060407781812764315,-0.32217544925032987,12,8
2,White / Mid-low income,0.383901515151515,14,unemployment_rate,0.074148002402026,Unemployment,Socioeconomic,14,0.06696040586499442,0.017169184022973683,0.4186335545949081,12,9
2,White / Mid-low income,0.383901515151515,14,pct_age17,0.173646962233169,Age <18,Household,14,0.1928420108318432,0.0645451732531949,-0.297389372918355,12,10
2,White / Mid-low income,0.383901515151515,14,pct_age65,0.166294888903708,Age 65+,Household,14,0.1356715533325382,0.047705558667958094,0.6419238433893086,12,11
2,White / Mid-low income,0.383901515151515,14,disability_rate,0.11382909737991,Disability,Household,14,0.10367445532547415,0.03367173118128822,0.3015776646517927,12,12
2,White / Mid-low income,0.383901515151515,14,elderly_alone_rate,0.26192054018869,Older adults alone,Household,14,0.24624007372913156,0.08536503061445375,0.18368723523779132,12,13
2,White / Mid-low income,0.383901515151515,14,language_isolation,0.0945247978103534,Language isolation,Household,14,0.09839067894886971,0.07354021388233704,-0.05256826074372925,12,14
2,White / Mid-low income,0.383901515151515,14,no_phone_rate,0.0155263701821864,No phone,Household,14,0.017067492490141105,0.005222091766650528,-0.2951158993023952,12,15
2,White / Mid-low income,0.383901515151515,14,alt_housing_rate,0.00132636095231219,Alternative housing,Housing,14,0.015799856769518,0.0245727352235202,-0.5890062984666137,12,16
2,White / Mid-low income,0.383901515151515,14,old_housing_rate,0.775770726444049,Pre-1980 housing,Housing,14,0.7109108994633893,0.14186395207651686,0.45719737841277974,12,17
2,White / Mid-low income,0.383901515151515,14,renter_burden_rate,0.553906664871617,Rent burden,Housing,14,0.5409131604647176,0.04991350652506598,0.26032040847248844,12,18
2,White / Mid-low income,0.383901515151515,14,housing_overcrowding,0.00390082711982448,Overcrowding,Housing,14,0.007272672234204457,0.007259237265016361,-0.46449027511878377,12,19
2,White / Mid-low income,0.383901515151515,14,outdoor_worker_rate,0.0426380182457073,Outdoor-work proxy,Work,14,0.05629726624955125,0.02753968992836427,-0.49598408839657,12,20
7,White / Mid-low income,0.301952690166976,7,pct_black,0.069135163127913,Black (NH),Race/ethnicity,14,0.051070634539999424,0.050027846884292695,0.3610894674258971,13,1
7,White / Mid-low income,0.301952690166976,7,pct_hispanic,0.136904761904762,Hispanic,Race/ethnicity,14,0.35034315709737823,0.22226080297421477,-0.960306056382681,13,2
7,White / Mid-low income,0.301952690166976,7,pct_white,0.427498705334024,White (NH),Race/ethnicity,14,0.35712144456335826,0.23067836106664166,0.3050882642188279,13,3
7,White / Mid-low income,0.301952690166976,7,pct_asian,0.25839653304442,Asian (NH),Race/ethnicity,14,0.16036263703852552,0.15736555627614215,0.6229692082927374,13,4
7,White / Mid-low income,0.301952690166976,7,median_income,63306,Median income,Socioeconomic,14,68193.07142857143,19561.591850493012,-0.2498299456364675,13,5
7,White / Mid-low income,0.301952690166976,7,education_low,0,Low education,Socioeconomic,14,0.15657958884775813,0.11385800060210807,-1.375218149095612,13,6
7,White / Mid-low income,0.301952690166976,7,uninsured_rate,0.0333838179042394,Uninsured,Socioeconomic,14,0.08327475359587691,0.038107418892367906,-1.3092184446433235,13,7
7,White / Mid-low income,0.301952690166976,7,poverty_rate,0.224430944983487,Poverty,Socioeconomic,14,0.14442285783271225,0.060407781812764315,1.3244665629134036,13,8
7,White / Mid-low income,0.301952690166976,7,unemployment_rate,0.0904158347078739,Unemployment,Socioeconomic,14,0.06696040586499442,0.017169184022973683,1.3661353277764579,13,9
7,White / Mid-low income,0.301952690166976,7,pct_age17,0.027964785085448,Age <18,Household,14,0.1928420108318432,0.0645451732531949,-2.554447024251097,13,10
7,White / Mid-low income,0.301952690166976,7,pct_age65,0,Age 65+,Household,14,0.1356715533325382,0.047705558667958094,-2.8439359504590254,13,11
7,White / Mid-low income,0.301952690166976,7,disability_rate,0.033777129864193,Disability,Household,14,0.10367445532547415,0.03367173118128822,-2.0758459101777316,13,12
7,White / Mid-low income,0.301952690166976,7,elderly_alone_rate,0.41203007518797,Older adults alone,Household,14,0.24624007372913156,0.08536503061445375,1.9421301704631193,13,13
7,White / Mid-low income,0.301952690166976,7,language_isolation,0.00665399239543726,Language isolation,Household,14,0.09839067894886971,0.07354021388233704,-1.2474356778484412,13,14
7,White / Mid-low income,0.301952690166976,7,no_phone_rate,0.0188610587703017,No phone,Household,14,0.017067492490141105,0.005222091766650528,0.3434574420186793,13,15
7,White / Mid-low income,0.301952690166976,7,alt_housing_rate,3.3429335527669e-4,Alternative housing,Housing,14,0.015799856769518,0.0245727352235202,-0.6293789956047786,13,16
7,White / Mid-low income,0.301952690166976,7,old_housing_rate,0.517002216994254,Pre-1980 housing,Housing,14,0.7109108994633893,0.14186395207651686,-1.3668636720662284,13,17
7,White / Mid-low income,0.301952690166976,7,renter_burden_rate,0.575136738666914,Rent burden,Housing,14,0.5409131604647176,0.04991350652506598,0.6856576623205117,13,18
7,White / Mid-low income,0.301952690166976,7,housing_overcrowding,0.00218642117376295,Overcrowding,Housing,14,0.007272672234204457,0.007259237265016361,-0.7006591567068781,13,19
7,White / Mid-low income,0.301952690166976,7,outdoor_worker_rate,0.00922509225092251,Outdoor-work proxy,Work,14,0.05629726624955125,0.02753968992836427,-1.709248510824632,13,20
8,White / Low income,0.55972582972583,12,pct_black,0.20347887257081,Black (NH),Race/ethnicity,14,0.051070634539999424,0.050027846884292695,3.046468067740536,14,1
8,White / Low income,0.55972582972583,12,pct_hispanic,0.260440360353315,Hispanic,Race/ethnicity,14,0.35034315709737823,0.22226080297421477,-0.4044923600608657,14,2
8,White / Low income,0.55972582972583,12,pct_white,0.402918914033787,White (NH),Race/ethnicity,14,0.35712144456335826,0.23067836106664166,0.19853387746758833,14,3
8,White / Low income,0.55972582972583,12,pct_asian,0.110385223020683,Asian (NH),Race/ethnicity,14,0.16036263703852552,0.15736555627614215,-0.3175880110012326,14,4
8,White / Low income,0.55972582972583,12,median_income,43022,Median income,Socioeconomic,14,68193.07142857143,19561.591850493012,-1.2867598721490063,14,5
8,White / Low income,0.55972582972583,12,education_low,0.184934518858656,Low education,Socioeconomic,14,0.15657958884775813,0.11385800060210807,0.24903765972483516,14,6
8,White / Low income,0.55972582972583,12,uninsured_rate,0.10646702431473,Uninsured,Socioeconomic,14,0.08327475359587691,0.038107418892367906,0.6086025081981609,14,7
8,White / Low income,0.55972582972583,12,poverty_rate,0.228573323165678,Poverty,Socioeconomic,14,0.14442285783271225,0.060407781812764315,1.393040148267529,14,8
8,White / Low income,0.55972582972583,12,unemployment_rate,0.0963441308197063,Unemployment,Socioeconomic,14,0.06696040586499442,0.017169184022973683,1.7114223317423942,14,9
8,White / Low income,0.55972582972583,12,pct_age17,0.121194107954371,Age <18,Household,14,0.1928420108318432,0.0645451732531949,-1.110042769525384,14,10
8,White / Low income,0.55972582972583,12,pct_age65,0.163375966049723,Age 65+,Household,14,0.1356715533325382,0.047705558667958094,0.5807376224228715,14,11
8,White / Low income,0.55972582972583,12,disability_rate,0.163062177439174,Disability,Household,14,0.10367445532547415,0.03367173118128822,1.763726426596751,14,12
8,White / Low income,0.55972582972583,12,elderly_alone_rate,0.405531030381101,Older adults alone,Household,14,0.24624007372913156,0.08536503061445375,1.8659977687045868,14,13
8,White / Low income,0.55972582972583,12,language_isolation,0.0973189518051742,Language isolation,Household,14,0.09839067894886971,0.07354021388233704,-0.01457334820116585,14,14
8,White / Low income,0.55972582972583,12,no_phone_rate,0.0265252890132768,No phone,Household,14,0.017067492490141105,0.005222091766650528,1.8111126624651346,14,15
8,White / Low income,0.55972582972583,12,alt_housing_rate,0.00135339974014725,Alternative housing,Housing,14,0.015799856769518,0.0245727352235202,-0.5879059411970989,14,16
8,White / Low income,0.55972582972583,12,old_housing_rate,0.768674538941223,Pre-1980 housing,Housing,14,0.7109108994633893,0.14186395207651686,0.40717630259361337,14,17
8,White / Low income,0.55972582972583,12,renter_burden_rate,0.601154473740477,Rent burden,Housing,14,0.5409131604647176,0.04991350652506598,1.2069140693512876,14,18
8,White / Low income,0.55972582972583,12,housing_overcrowding,0.00835802891989695,Overcrowding,Housing,14,0.007272672234204457,0.007259237265016361,0.14951387398825391,14,19
8,White / Low income,0.55972582972583,12,outdoor_worker_rate,0.0488920154766092,Outdoor-work proxy,Work,14,0.05629726624955125,0.02753968992836427,-0.26889375995897025,14,20
